{
  "normal": 0.669179229480737,
  "penipuan": 1.1381766381766383,
  "promo": 1.594810379241517
}